Feature,Importance
Contract,0.24356201153955967
MonthlyCharges,0.22781459026888135
TotalCharges,0.16600643946617882
TenureMonths,0.15249396493617123
PaymentMethod,0.0549978323011023
InternetService,0.04682896002007842
PaperlessBilling,0.019375123578380168
Gender,0.018840405293018794
Dependents,0.018448929285497215
Partner,0.018318968118459702
SeniorCitizen,0.01761049468397072
PhoneService,0.01570228050870164
