Churn,TenureMonths,MonthlyCharges,TotalCharges
No,37.05713331105914,59.39387905111928,2196.864460407618
Yes,32.91828599900349,68.35852017937219,2248.9614200298956
