InternetService,ChurnRate
Fiber optic,0.498016747465844
DSL,0.32151162790697674
No,0.32047477744807124
