Contract,ChurnRate
Month-to-month,0.5249287749287749
One year,0.25362937660119556
Two year,0.23114593535749264
